product_id,cohort,elasticity,se,n_obs
1,active,-17.319814206201727,6.031154503418216,129
1,churn-risk,52.73905580057261,6.4350382425465575,27
1,new,0.9181996462788298,inf,24
2,active,-6.930385795739152,7.807782538616216,150
2,churn-risk,-12.161326172457517,inf,16
2,new,0.9331392529048689,inf,14
3,active,2.903162768707361,9.955897594010764,136
3,churn-risk,0.8516577277505387,inf,26
3,new,49.59364885170563,inf,18
